device,clicks,impressions,ctr,position
MOBILE,1560,9675,0.16124031007751938,7.319896640826873
DESKTOP,480,4547,0.10556410820321091,22.722454365515723
TABLET,24,171,0.14035087719298245,3.7076023391812867
