{
  "rows": [
    {
      "keys": [
        "MOBILE"
      ],
      "clicks": 1565,
      "impressions": 9736,
      "ctr": 0.16074363188167626,
      "position": 7.335661462612983
    },
    {
      "keys": [
        "DESKTOP"
      ],
      "clicks": 479,
      "impressions": 4586,
      "ctr": 0.10444832097688618,
      "position": 22.75534234627126
    },
    {
      "keys": [
        "TABLET"
      ],
      "clicks": 24,
      "impressions": 170,
      "ctr": 0.1411764705882353,
      "position": 3.7705882352941176
    }
  ],
  "responseAggregationType": "byProperty"
}
